{
    "UL2016post": {
        "0to700": 184.4,
        "0to700unc": 0.1506,
        "700to900": 24.87,
        "700to900unc": 0.02431,
        "900toInf": 44.83,
        "900toInfunc": 0.4885
    },
    "UL2016post": {
        "0to700": 184.4,
        "0to700unc": 0.1506,
        "700to900": 24.87,
        "700to900unc": 0.02431,
        "900toInf": 44.83,
        "900toInfunc": 0.4885
    },
    "UL2017": {
        "0to700": 184.2,
        "0to700unc": 0.1506,
        "700to900": 24.84,
        "700to900unc": 0.02429,
        "900toInf": 45.25,
        "900toInfunc": 0.06345,
        "powheg": 366.3580,
        "eft": 366.3580
    },
    "UL2018": {
        "0to700": 184.2,
        "0to700unc": 0.1505,
        "700to900": 24.86,
        "700to900unc": 0.02431,
        "900toInf": 45.2,
        "900toInfunc": 0.04333
    }
}